case_id,criterion,pull,argument
C-1,requirements,predictive,"Формат пакета описаний наказом регулятора, специфікація полів затверджена, нових вимог немає півроку"
C-1,technology,adaptive,"API реєстру запущено нещодавно, поведінка методів змінюється без оголошення, документація неповна"
C-1,release_cost,predictive,"Помилка означає неприйняту звітність, припис від регулятора та ручні виправлення без зсуву фіксованої дати"
C-1,customer,predictive,"Замовник відповідає за 3-5 днів, не ходить на демо, приймає роботу за актами після місяця в бою"
C-1,contract,predictive,"Fixed price за тендером, зміна обсягу вимагає додаткової угоди та двох тижнів погоджень юристів"
C-1,team,predictive,"Сім людей, частина з яких підрядники з іншого міста у власному графіку, тестувальник ділиться на два проєкти"
C-2,requirements,adaptive,"Вимоги живуть гіпотезами, беклог переписується кожні два тижні після інтерв'ю, річного плану немає"
C-2,technology,adaptive,"Релізи щотижневі, розгортання автоматичне, відкат займає близько десяти хвилин і вже робився командою"
C-2,release_cost,predictive,"Помилка в грошах означає скарги, ручні повернення та ризик перегляду умов еквайрингу банком"
C-2,customer,adaptive,"Замовник сидить в одній кімнаті з командою, дивиться демо щоп'ятниці, відповідає в чаті за півгодини"
C-2,contract,adaptive,"Внутрішній продукт без зовнішнього договору, бюджет на 9 місяців без зафіксованого обсягу робіт"
C-2,team,adaptive,"П'ятеро людей в одній кімнаті, тестують самі, вузьких спеціалізацій немає, беруть будь-які задачі"
C-3,requirements,adaptive,"Реальна послідовність погоджень невідома, на демо постійно з'являються нові винятки та маршрути"
C-3,technology,adaptive,"Дані переносяться зі старої системи без документації, якість даних невідома, частина полів порожня"
C-3,release_cost,predictive,"Помилка в щомісячному нарахуванні платежів виявляється вже після відправки грошей контрагентам"
C-3,customer,hybrid,"Керівник юристів дуже залучена, але фінансовий директор погоджує обсяг і цікавиться лише бюджетом та датою"
C-3,contract,predictive,"Договір fixed price, бюджет не переглядається, зміна обсягу потребує протоколу та підпису фіндиректора"
C-3,team,adaptive,"Четверо спеціалістів в одному офісі, працюють разом два роки, легко беруть суміжні задачі"